{
  "name": "Aloe di Elisabetta",
  "short_name": "Aloe",
  "description": "Sistema gestionale Aloe Arborescens",
  "start_url": "./index.html",
  "display": "standalone",
  "background_color": "#f8fafc",
  "theme_color": "#059669",
  "icons": [
    {
      "src": "https://cdn-icons-png.flaticon.com/512/628/628283.png",
      "sizes": "192x192",
      "type": "image/png",
      "purpose": "any maskable"
    },
    {
      "src": "https://cdn-icons-png.flaticon.com/512/628/628283.png",
      "sizes": "512x512",
      "type": "image/png",
      "purpose": "any maskable"
    }
  ]
}